"file_name","so_answer_id","gh_file_id","human_classification","apizator_classification"
"so#44660943_gh#aba788e54748b4fc32afca89ff2f15b622b7c224.html","44660943","aba788e54748b4fc32afca89ff2f15b622b7c224","none","none"
"so#42104000_gh#8c8eb2fd98a682e4588b95ed2f5954e842036fe6.html","42104000","8c8eb2fd98a682e4588b95ed2f5954e842036fe6","none","none"
"so#42024257_gh#c8559b165f8d27bebdcdce953d752515688ef190.html","42024257","c8559b165f8d27bebdcdce953d752515688ef190","latest","latest"
"so#40509309_gh#b41239f7597c982c7775992881c37f02aa79d121.html","40509309","b41239f7597c982c7775992881c37f02aa79d121","none","none"
"so#40320268_gh#8d319291f6b83533007977e440971f8ed550fcfe.html","40320268","8d319291f6b83533007977e440971f8ed550fcfe","none","none"
"so#39503917_gh#f7d02442d75bc02b258ce6191af1597c44a6c24d.html","39503917","f7d02442d75bc02b258ce6191af1597c44a6c24d","custom","none"
"so#39004323_gh#cb2f52feafb6d731f16c118f23bab70dad5b29a0.html","39004323","cb2f52feafb6d731f16c118f23bab70dad5b29a0","none","none"
"so#38469429_gh#ed8dbd5152a8a0802024c5178b0bc0e337846de6.html","38469429","ed8dbd5152a8a0802024c5178b0bc0e337846de6","none","none"
"so#38469429_gh#e79675e7e6c0bb6751e54bdbcadd7710a34cd41b.html","38469429","e79675e7e6c0bb6751e54bdbcadd7710a34cd41b","already","already"
"so#35935955_gh#fb0567772a9f1abc63f39d4b6e42bb9f345fc9da.html","35935955","fb0567772a9f1abc63f39d4b6e42bb9f345fc9da","custom","none"
"so#35886768_gh#f44693049e274bdfd2e573382b095b2f4c30da94.html","35886768","f44693049e274bdfd2e573382b095b2f4c30da94","custom","none"
"so#34343101_gh#5550399e0708d19a83b1483a8224816a2c7de15d.html","34343101","5550399e0708d19a83b1483a8224816a2c7de15d","none","none"
"so#34343101_gh#11fda8a1ba858b7ba4037f335b0a298147711e45.html","34343101","11fda8a1ba858b7ba4037f335b0a298147711e45","none","none"
"so#31424601_gh#66b4fe8ca20ff635fbc04dd74aa4d8390a24aa5a.html","31424601","66b4fe8ca20ff635fbc04dd74aa4d8390a24aa5a","custom","none"
"so#30781166_gh#bf2bedf1cead83f3c4c611a893b8abeec60a487f.html","30781166","bf2bedf1cead83f3c4c611a893b8abeec60a487f","none","none"
"so#30246380_gh#c34db5b9233bffa83dc86c9753d671e5f46bad58.html","30246380","c34db5b9233bffa83dc86c9753d671e5f46bad58","none","latest"
"so#28984182_gh#11252335bb2c8c8b4145e68d4d774851aad93dcb.html","28984182","11252335bb2c8c8b4145e68d4d774851aad93dcb","custom","syso"
"so#28726882_gh#eea8a2efe02e126cf80bb191f95a1927e4077ec4.html","28726882","eea8a2efe02e126cf80bb191f95a1927e4077ec4","custom","none"
"so#28726882_gh#51b6f7b4834c4e0282a5da0fa0d25d839c327d05.html","28726882","51b6f7b4834c4e0282a5da0fa0d25d839c327d05","custom","none"
"so#28627878_gh#897ad5efe0ca07a2fe14dabe3c47b0d38cd0ed81.html","28627878","897ad5efe0ca07a2fe14dabe3c47b0d38cd0ed81","custom","none"
"so#27798343_gh#94026dde8bfa71a15c1cb5b1f5518b53ee108aed.html","27798343","94026dde8bfa71a15c1cb5b1f5518b53ee108aed","latest","latest"
"so#27218198_gh#c172cb69867893460b82b158be4b192aa84bb6be.html","27218198","c172cb69867893460b82b158be4b192aa84bb6be","latest","latest"
"so#27218198_gh#774955a94ce741e707a8da13004a1a989b7f4d19.html","27218198","774955a94ce741e707a8da13004a1a989b7f4d19","latest","latest"
"so#27218198_gh#9fbed68981730f980ef18c0d5e3caaacdfde2c02.html","27218198","9fbed68981730f980ef18c0d5e3caaacdfde2c02","latest","latest"
"so#27218198_gh#5d677964606549a43299f0a49fff88fc20ad5f39.html","27218198","5d677964606549a43299f0a49fff88fc20ad5f39","latest","latest"
"so#26651827_gh#764dc4ed63b9467ec0d695d125c1f5fd57f13903.html","26651827","764dc4ed63b9467ec0d695d125c1f5fd57f13903","none","none"
"so#26470094_gh#f00c306aaec8ddf6b7344c576acc25f9b6b905f4.html","26470094","f00c306aaec8ddf6b7344c576acc25f9b6b905f4","none","none"
"so#25397029_gh#5411cbcc8edb851953eb5ee47703045c24a13e15.html","25397029","5411cbcc8edb851953eb5ee47703045c24a13e15","none","none"
"so#24215166_gh#ae4386989bbd340b913ac4005861f1960c9a05ae.html","24215166","ae4386989bbd340b913ac4005861f1960c9a05ae","syso","syso"
"so#23535232_gh#5e1efe0ef2185f715aa7520fc0a31717c64d7f79.html","23535232","5e1efe0ef2185f715aa7520fc0a31717c64d7f79","custom","latest"
"so#22452736_gh#582bda649c9c9032d656e236610168f3dcd226d6.html","22452736","582bda649c9c9032d656e236610168f3dcd226d6","none","none"
"so#21479372_gh#af07dbef62d3b1f2e50195d9ec8c99b35be2b3af.html","21479372","af07dbef62d3b1f2e50195d9ec8c99b35be2b3af","custom","latest"
"so#20932225_gh#2ad53c19c235a3ef69d1ab58a1832140bd7b0a27.html","20932225","2ad53c19c235a3ef69d1ab58a1832140bd7b0a27","custom","none"
"so#20229254_gh#1852a8fecafd7a391fb0407662215ffd0c148fff.html","20229254","1852a8fecafd7a391fb0407662215ffd0c148fff","syso","syso"
"so#20102572_gh#a9b2b4e8fa2cdd2559be03247586675ac901d6a5.html","20102572","a9b2b4e8fa2cdd2559be03247586675ac901d6a5","none","none"
"so#20102572_gh#0949c4789bb7386e11e0232032691b4d48969e6d.html","20102572","0949c4789bb7386e11e0232032691b4d48969e6d","none","none"
"so#20017878_gh#0ba13a2e2205b7eb98cbcff21b3960c0e86148aa.html","20017878","0ba13a2e2205b7eb98cbcff21b3960c0e86148aa","none","none"
"so#19667994_gh#ba3a03635d58fef4d32e3818039fc176b5ba8147.html","19667994","ba3a03635d58fef4d32e3818039fc176b5ba8147","latest","latest"
"so#18514628_gh#cb3ee0d64db71621879a3fadd90ffcdc2c50c490.html","18514628","cb3ee0d64db71621879a3fadd90ffcdc2c50c490","none","none"
"so#18417382_gh#8e3ad144f095241a8790500a2bf983095133804b.html","18417382","8e3ad144f095241a8790500a2bf983095133804b","custom","none"
"so#17802569_gh#e4d8308d49ed67a0254a1db4fde9c7c3e8e8b8f4.html","17802569","e4d8308d49ed67a0254a1db4fde9c7c3e8e8b8f4","none","none"
"so#17802569_gh#70a8718203e29f93acd4018590ca228741c9205f.html","17802569","70a8718203e29f93acd4018590ca228741c9205f","none","none"
"so#17348755_gh#a4064461faea6200b47fab1b5a44669d4181c3aa.html","17348755","a4064461faea6200b47fab1b5a44669d4181c3aa","already","already"
"so#17015675_gh#36837ecd993cb66c1bae95626bc05afb3597bc0b.html","17015675","36837ecd993cb66c1bae95626bc05afb3597bc0b","none","none"
"so#16022833_gh#01879395f096f5f6963f8cb09cb98411800d6925.html","16022833","01879395f096f5f6963f8cb09cb98411800d6925","none","none"
"so#15675075_gh#e64e299f062ec25cdc81656b5fc1641a06ce9de2.html","15675075","e64e299f062ec25cdc81656b5fc1641a06ce9de2","none","none"
"so#15675075_gh#53f283909d177a432f4c5a22afd558e4f274660d.html","15675075","53f283909d177a432f4c5a22afd558e4f274660d","none","none"
"so#15526361_gh#b19b85168c848eef17cd65d063108768685e3e55.html","15526361","b19b85168c848eef17cd65d063108768685e3e55","custom","none"
"so#14533800_gh#bd0a2aacb8961f5351dce1418743406b46310939.html","14533800","bd0a2aacb8961f5351dce1418743406b46310939","none","none"
"so#14150037_gh#56db4c583d60dc6bc66b9bd3ace4564e0ac14de7.html","14150037","56db4c583d60dc6bc66b9bd3ace4564e0ac14de7","none","none"
"so#14150037_gh#42ba0e7faca56bd28969ba23c2da556ab6e12b05.html","14150037","42ba0e7faca56bd28969ba23c2da556ab6e12b05","none","none"
"so#14150037_gh#9b2ff3e838514a615704070805b10d8cf93d7945.html","14150037","9b2ff3e838514a615704070805b10d8cf93d7945","none","none"
"so#13602540_gh#39fa6dea82a4dee7b599abf9002daad96d947cc3.html","13602540","39fa6dea82a4dee7b599abf9002daad96d947cc3","none","none"
"so#13431729_gh#ec1abd5f75fb83f5eab985ed1e423962e4a50a5e.html","13431729","ec1abd5f75fb83f5eab985ed1e423962e4a50a5e","none","none"
"so#13431729_gh#1134feba2ffaaa8f49edd641a40237d86d3e3e92.html","13431729","1134feba2ffaaa8f49edd641a40237d86d3e3e92","none","none"
"so#13380999_gh#2cf42bb292bbce9eafd55e8523442bbddaafb095.html","13380999","2cf42bb292bbce9eafd55e8523442bbddaafb095","custom","none"
"so#13345781_gh#e37d7a0f61e2768d0ae3c54c385e53d3bd53e9ac.html","13345781","e37d7a0f61e2768d0ae3c54c385e53d3bd53e9ac","none","none"
"so#13293384_gh#dd5337b398113da6e73c55c4d0ec8e044baf4bd0.html","13293384","dd5337b398113da6e73c55c4d0ec8e044baf4bd0","custom","none"
"so#13293384_gh#b20344b837f087be08aba5065420db38db3b5d43.html","13293384","b20344b837f087be08aba5065420db38db3b5d43","custom","none"
"so#13063953_gh#b48f09aa0c16a7bbf0b1a187d51759d0fcfb19d8.html","13063953","b48f09aa0c16a7bbf0b1a187d51759d0fcfb19d8","none","none"
"so#13063953_gh#5b6a367fa2dbd5e1f9c9cab8b4561d0e4544b75a.html","13063953","5b6a367fa2dbd5e1f9c9cab8b4561d0e4544b75a","none","none"
"so#12864897_gh#d5bc41a0d263834493954a2ed74bd6a1192f80b0.html","12864897","d5bc41a0d263834493954a2ed74bd6a1192f80b0","latest","latest"
"so#12864897_gh#5f491c7e668694502cc8804f7d0330fca8339824.html","12864897","5f491c7e668694502cc8804f7d0330fca8339824","latest","latest"
"so#12066696_gh#e5f55d5b4ba4c513dbb3213aba65ff657304ea96.html","12066696","e5f55d5b4ba4c513dbb3213aba65ff657304ea96","latest","latest"
"so#12066696_gh#b03791e26eb70bc6d53ff003d1c6d78b43416dc1.html","12066696","b03791e26eb70bc6d53ff003d1c6d78b43416dc1","latest","latest"
"so#12066696_gh#833516e6a3bd9adf6d39062987ee3121daa86431.html","12066696","833516e6a3bd9adf6d39062987ee3121daa86431","none","latest"
"so#12066696_gh#587442a46028b538f09d80fb6bf876fae534d740.html","12066696","587442a46028b538f09d80fb6bf876fae534d740","latest","latest"
"so#12066696_gh#449251fe0e95e8420e5deec60690d2264e27c9ef.html","12066696","449251fe0e95e8420e5deec60690d2264e27c9ef","latest","latest"
"so#12066696_gh#98810cc8def376fbf628aa4ba18e19ef21c1411b.html","12066696","98810cc8def376fbf628aa4ba18e19ef21c1411b","latest","latest"
"so#12066696_gh#62a3bc422bacc0168d0ce9b0e6f3a2a8a350524f.html","12066696","62a3bc422bacc0168d0ce9b0e6f3a2a8a350524f","latest","latest"
"so#12066696_gh#8ffeca638d0ff2d940aeef5afb7e0a6e177d8791.html","12066696","8ffeca638d0ff2d940aeef5afb7e0a6e177d8791","latest","latest"
"so#12066696_gh#1e012533630fd1af445770988d5d578318ade57e.html","12066696","1e012533630fd1af445770988d5d578318ade57e","latest","latest"
"so#11753070_gh#84387bc5dabe988ce44b1ff62d3660e87d302f6e.html","11753070","84387bc5dabe988ce44b1ff62d3660e87d302f6e","none","none"
"so#11753070_gh#043ef5328fd3de58d5a40c3ade90bffe1816579f.html","11753070","043ef5328fd3de58d5a40c3ade90bffe1816579f","none","none"
"so#11753070_gh#6f9bee706066e9e992fb8f408e808fdbb45d3521.html","11753070","6f9bee706066e9e992fb8f408e808fdbb45d3521","none","none"
"so#11438245_gh#bbf4cc1204376de51c90a4712c496275fed7696e.html","11438245","bbf4cc1204376de51c90a4712c496275fed7696e","none","none"
"so#11438245_gh#7512a4599a7409212136f9973bd4184c5aafe325.html","11438245","7512a4599a7409212136f9973bd4184c5aafe325","none","none"
"so#11438245_gh#990de103554f39dac5c8eea4e6f33407ef57e020.html","11438245","990de103554f39dac5c8eea4e6f33407ef57e020","none","none"
"so#11438245_gh#331a509dab796efd29ec7339b9e013c10d812bfd.html","11438245","331a509dab796efd29ec7339b9e013c10d812bfd","none","none"
"so#11438245_gh#69eae52f90ed108d7add526e6d60efb26c46aba5.html","11438245","69eae52f90ed108d7add526e6d60efb26c46aba5","none","none"
"so#11438245_gh#21bd3d4cb0b2e153eb13d24ed4efc8da63088e66.html","11438245","21bd3d4cb0b2e153eb13d24ed4efc8da63088e66","none","none"
"so#11094687_gh#d13abd7aee9ec911621ff412291e83bf4fcfbd3e.html","11094687","d13abd7aee9ec911621ff412291e83bf4fcfbd3e","none","none"
"so#10816846_gh#ccef9cd18c851e3584763d1e87bf47b535f31f1b.html","10816846","ccef9cd18c851e3584763d1e87bf47b535f31f1b","none","none"
"so#10637343_gh#8ad01fbb3a8036e064aa5593b9390813b9275474.html","10637343","8ad01fbb3a8036e064aa5593b9390813b9275474","none","none"
"so#10442736_gh#4c84747d53443b879949c6b7ddc1a9a5c757969e.html","10442736","4c84747d53443b879949c6b7ddc1a9a5c757969e","latest","latest"
"so#9622040_gh#371e273cb5c487f4c253264609005b687a1e3a2d.html","9622040","371e273cb5c487f4c253264609005b687a1e3a2d","none","none"
"so#8708357_gh#a7073497b224ccc16ecd8ebadb5dc4a2a39a0626.html","8708357","a7073497b224ccc16ecd8ebadb5dc4a2a39a0626","syso","syso"
"so#8284804_gh#39881ce3585f13cf90ba35eb5fad50e1903d3afa.html","8284804","39881ce3585f13cf90ba35eb5fad50e1903d3afa","none","none"
"so#8284804_gh#652a2511f8683097e9be608302606ba980cef305.html","8284804","652a2511f8683097e9be608302606ba980cef305","none","none"
"so#8207591_gh#a3f075ace3b5afb1b7b47e5f773628479242a129.html","8207591","a3f075ace3b5afb1b7b47e5f773628479242a129","latest","latest"
"so#8207591_gh#986adb41447dabc453664829a3944b9df0b20828.html","8207591","986adb41447dabc453664829a3944b9df0b20828","latest","latest"
"so#8207591_gh#688f2ddaa3eaf342ec28e4d333f64c5e52d53a95.html","8207591","688f2ddaa3eaf342ec28e4d333f64c5e52d53a95","latest","latest"
"so#8207591_gh#0381e5b586059dc043cdf7ffb2c52b6018f5fc4d.html","8207591","0381e5b586059dc043cdf7ffb2c52b6018f5fc4d","latest","latest"
"so#8207591_gh#248f227d86591a15b26f82b44b1a9033852107a9.html","8207591","248f227d86591a15b26f82b44b1a9033852107a9","latest","latest"
"so#8207591_gh#51d855bfd432098fa8d97d33bc29f62a96c83062.html","8207591","51d855bfd432098fa8d97d33bc29f62a96c83062","latest","latest"
"so#7608719_gh#4287ac5f0f7f3f6adacac7cc8badec69e391f228.html","7608719","4287ac5f0f7f3f6adacac7cc8badec69e391f228","custom","none"
"so#7217440_gh#df4bb7013e7cb364db0107656489c888b6c47605.html","7217440","df4bb7013e7cb364db0107656489c888b6c47605","latest","latest"
"so#6349913_gh#8ad1efa3019f40d31352f71dbe67e210cad6aaf9.html","6349913","8ad1efa3019f40d31352f71dbe67e210cad6aaf9","latest","latest"
"so#5841353_gh#01b7a3b5c20e276c26f2880a5122ba07df1f1b6e.html","5841353","01b7a3b5c20e276c26f2880a5122ba07df1f1b6e","latest","latest"
"so#5711150_gh#4b8c46fe44c40b4afb07886478bfb8ddfde4c81f.html","5711150","4b8c46fe44c40b4afb07886478bfb8ddfde4c81f","none","none"
"so#4067838_gh#525a1be5642b1e18f7f7bd21753d4e1724c880e9.html","4067838","525a1be5642b1e18f7f7bd21753d4e1724c880e9","already","already"
"so#3934280_gh#23c0757fa489d668a3ab02f9f56fcc460b780b04.html","3934280","23c0757fa489d668a3ab02f9f56fcc460b780b04","latest","latest"
"so#3810936_gh#2916a7acdd1014895d11e0172c2d7198aa6ff768.html","3810936","2916a7acdd1014895d11e0172c2d7198aa6ff768","none","none"
"so#3810936_gh#5f354fed98841e37185845a1f052b9a9004b5e6d.html","3810936","5f354fed98841e37185845a1f052b9a9004b5e6d","none","none"
"so#3506039_gh#da0f21acdf04430c2368450cad01402c3376a2f1.html","3506039","da0f21acdf04430c2368450cad01402c3376a2f1","custom","none"
"so#3506039_gh#45d7973af7a20de644b33516b019cffef0d3b0b1.html","3506039","45d7973af7a20de644b33516b019cffef0d3b0b1","latest","latest"
"so#3506039_gh#009a5d9db683e136554c304334aa6129df509e18.html","3506039","009a5d9db683e136554c304334aa6129df509e18","latest","latest"
"so#3475772_gh#cd3329d94ff24abbc4e729a0b520d73602342ffb.html","3475772","cd3329d94ff24abbc4e729a0b520d73602342ffb","already","already"
"so#2817883_gh#0155ecceff469dc12309b653173c3197b76d92f1.html","2817883","0155ecceff469dc12309b653173c3197b76d92f1","syso","syso"
"so#2817806_gh#bda1189240dd2d20640a3525109d1a3fa4a168be.html","2817806","bda1189240dd2d20640a3525109d1a3fa4a168be","already","already"
"so#2408779_gh#5cf67ced8906626dd8731840d0628bf498e88a10.html","2408779","5cf67ced8906626dd8731840d0628bf498e88a10","custom","none"
"so#2269242_gh#b1a10264dd80f9a41f746b99ba67fcb12938324d.html","2269242","b1a10264dd80f9a41f746b99ba67fcb12938324d","latest","latest"
"so#2197841_gh#00d6376ea0774907fdc26bb86be55bd4ad37be98.html","2197841","00d6376ea0774907fdc26bb86be55bd4ad37be98","none","none"
"so#1677232_gh#97ba91cdd2495cc4089fc5f2e26ec55688566697.html","1677232","97ba91cdd2495cc4089fc5f2e26ec55688566697","none","none"
"so#1109108_gh#d85db317423acf6e33307f18c72d5fc87fa10065.html","1109108","d85db317423acf6e33307f18c72d5fc87fa10065","none","none"
"so#1109108_gh#0364bb4bf506c7427d164099d5e4125023eccb8a.html","1109108","0364bb4bf506c7427d164099d5e4125023eccb8a","none","none"
"so#1109108_gh#0acf4ab4ecd89729bc25ee3e8d7be8c501d9b07a.html","1109108","0acf4ab4ecd89729bc25ee3e8d7be8c501d9b07a","none","none"
"so#981230_gh#785cf87b58266e35536f875a684ee6ac1b2bcd58.html","981230","785cf87b58266e35536f875a684ee6ac1b2bcd58","none","none"
"so#981230_gh#143fcd0835bf3d40680f20ce4838c9e68966f691.html","981230","143fcd0835bf3d40680f20ce4838c9e68966f691","none","none"
"so#792049_gh#b9ef765c34c9f2435637d6dd6bdde605001bb9c5.html","792049","b9ef765c34c9f2435637d6dd6bdde605001bb9c5","none","none"
"so#767833_gh#d49f21c8b011870f029cc3bcad4b8eb866de8043.html","767833","d49f21c8b011870f029cc3bcad4b8eb866de8043","syso","syso"
"so#434731_gh#fcc9ff099a6e19539dfd3eed5513d8d68e2a5eb7.html","434731","fcc9ff099a6e19539dfd3eed5513d8d68e2a5eb7","none","none"
"so#434731_gh#e01f6be0b8d41e0766fe4a0a37e1f2a7c64d7fa7.html","434731","e01f6be0b8d41e0766fe4a0a37e1f2a7c64d7fa7","custom","none"
"so#434731_gh#dde2678e90daed7e7f8f26272948ad20a86d5b43.html","434731","dde2678e90daed7e7f8f26272948ad20a86d5b43","custom","none"
"so#434731_gh#c2e5175e403baf267eef7492cc8daa4651ea2f56.html","434731","c2e5175e403baf267eef7492cc8daa4651ea2f56","custom","none"
"so#434731_gh#baf986e37a223ccc6b074b019e0c46a9595211c3.html","434731","baf986e37a223ccc6b074b019e0c46a9595211c3","custom","none"
"so#434731_gh#94ef7d3b74f94bbc6fa4e4b5126aa3364bc70249.html","434731","94ef7d3b74f94bbc6fa4e4b5126aa3364bc70249","custom","none"
"so#434731_gh#5b4dc6d688d3500c77a26d82da5125511b1f1da0.html","434731","5b4dc6d688d3500c77a26d82da5125511b1f1da0","custom","none"
"so#192094_gh#ceaea752afe075b2c47abaa535c1b4829ef9d9fc.html","192094","ceaea752afe075b2c47abaa535c1b4829ef9d9fc","custom","none"
"so#31463_gh#05bc6a08233ab52bf5a13509bb87195eeeaff913.html","31463","05bc6a08233ab52bf5a13509bb87195eeeaff913","syso","syso"
"so#14257087_gh#efa734d1b87211ab4aab47fe2bcdb599cb8c219b.html","14257087","efa734d1b87211ab4aab47fe2bcdb599cb8c219b","custom","none"
"so#434731_gh#8fdb4444e291e0f20bab9e32f4c2016a57334c0a.html","434731","8fdb4444e291e0f20bab9e32f4c2016a57334c0a","custom","none"
"so#6400178_gh#6fced4d94ea541504e09a5845c30e18c4ecc69ba.html","6400178","6fced4d94ea541504e09a5845c30e18c4ecc69ba","none","none"
"so#792049_gh#a26fc76d113bd2ac6caba81d54fa00d3932c3973.html","792049","a26fc76d113bd2ac6caba81d54fa00d3932c3973","custom","none"
"so#48597869_gh#25cfa3ded1cef98a0f8a27d483b8af451f7930ff.html","48597869","25cfa3ded1cef98a0f8a27d483b8af451f7930ff","custom","none"
